,EXODUS,SLAYER,BPTT
0,39.38758301734924,67.92933249473572,391.1424696445465
1,37.31326174736023,68.2676272392273,418.2099254131317
2,38.107913970947266,68.28743076324463,415.5042676925659
