,EXODUS,SLAYER,BPTT
0,15.651429891586304,16.263094425201416,27.162906885147095
1,15.730542659759521,15.899962902069092,46.79775619506836
2,15.808085680007935,16.084344148635864,47.10553050041199
